Time (UTC),Open,High,Low,Close,Volume 
29.12.2024 22:00:00,1.04247,1.04306,1.04247,1.04303,207.99
29.12.2024 22:10:00,1.04303,1.04309,1.04298,1.043,331.68
29.12.2024 22:20:00,1.04302,1.04304,1.04298,1.043,97.2
29.12.2024 22:30:00,1.04301,1.04301,1.04283,1.04291,50.09
29.12.2024 22:40:00,1.04291,1.04302,1.04276,1.04293,263.27
29.12.2024 22:50:00,1.0429,1.04308,1.04266,1.04307,274.45
29.12.2024 23:00:00,1.04311,1.04346,1.0427,1.04326,661.29
29.12.2024 23:10:00,1.04327,1.04337,1.04305,1.04326,292.95
29.12.2024 23:20:00,1.04325,1.04329,1.04315,1.04318,299.78
29.12.2024 23:30:00,1.04319,1.04319,1.0428,1.04288,250.2
29.12.2024 23:40:00,1.04288,1.04306,1.04284,1.04295,187.2
29.12.2024 23:50:00,1.04296,1.04296,1.04283,1.04292,228.15
30.12.2024 00:00:00,1.04297,1.04304,1.04264,1.0428,686.9
30.12.2024 00:10:00,1.0428,1.043,1.04257,1.043,312.47
30.12.2024 00:20:00,1.04297,1.04299,1.04283,1.04291,217.38
30.12.2024 00:30:00,1.04293,1.04295,1.04282,1.04289,168.83
30.12.2024 00:40:00,1.0429,1.04311,1.04286,1.04303,300.82
30.12.2024 00:50:00,1.04302,1.04307,1.04257,1.04274,673.19
30.12.2024 01:00:00,1.04275,1.0429,1.04261,1.04274,381.54
30.12.2024 01:10:00,1.04273,1.04283,1.04253,1.04279,378.63
30.12.2024 01:20:00,1.04281,1.04282,1.0426,1.04271,293.15
30.12.2024 01:30:00,1.04272,1.04308,1.04269,1.04301,389.4
30.12.2024 01:40:00,1.043,1.04304,1.04286,1.04294,268.14
30.12.2024 01:50:00,1.04295,1.04296,1.0425,1.04254,470.05
30.12.2024 02:00:00,1.04254,1.04262,1.0424,1.04257,290.22
30.12.2024 02:10:00,1.04258,1.04268,1.04252,1.0426,327.96
30.12.2024 02:20:00,1.0426,1.04263,1.04253,1.04259,211.32
30.12.2024 02:30:00,1.04259,1.04274,1.04245,1.04272,468.33
30.12.2024 02:40:00,1.04273,1.04275,1.04254,1.04257,91.68
30.12.2024 02:50:00,1.04257,1.04264,1.04248,1.04255,269.13
30.12.2024 03:00:00,1.04256,1.04256,1.04232,1.04247,283.35
30.12.2024 03:10:00,1.04248,1.04248,1.04208,1.04231,613.89
30.12.2024 03:20:00,1.04232,1.04232,1.04218,1.04231,291.58
30.12.2024 03:30:00,1.04232,1.04245,1.04228,1.04244,245.94
30.12.2024 03:40:00,1.04242,1.04255,1.04242,1.0425,310.87
30.12.2024 03:50:00,1.04249,1.04249,1.04234,1.04245,313.71
30.12.2024 04:00:00,1.04245,1.04254,1.04243,1.0425,251.55
30.12.2024 04:10:00,1.0425,1.04252,1.04244,1.04252,326.18
30.12.2024 04:20:00,1.04252,1.04256,1.04248,1.04253,319.6
30.12.2024 04:30:00,1.04253,1.04255,1.04251,1.04253,155.33
30.12.2024 04:40:00,1.04253,1.0426,1.04251,1.04258,105.21
30.12.2024 04:50:00,1.04258,1.0426,1.0425,1.04253,245.52
30.12.2024 05:00:00,1.04252,1.0426,1.04247,1.04257,293.94
30.12.2024 05:10:00,1.04257,1.04261,1.04252,1.04259,204.81
30.12.2024 05:20:00,1.04259,1.04259,1.04247,1.04251,368.43
30.12.2024 05:30:00,1.0425,1.04265,1.04245,1.0426,877.11
30.12.2024 05:40:00,1.04261,1.04266,1.04241,1.04249,1008.83
30.12.2024 05:50:00,1.04249,1.04267,1.04228,1.04251,1052.64
30.12.2024 06:00:00,1.04251,1.04298,1.04251,1.04297,984.63
30.12.2024 06:10:00,1.04298,1.04306,1.04282,1.04291,1024.11
30.12.2024 06:20:00,1.04292,1.043,1.04273,1.04293,1109.43
30.12.2024 06:30:00,1.04293,1.04314,1.04288,1.0429,1037.15
30.12.2024 06:40:00,1.0429,1.04296,1.04274,1.04277,1048.39
30.12.2024 06:50:00,1.04277,1.04293,1.04273,1.04288,945.93
30.12.2024 07:00:00,1.04287,1.04294,1.04246,1.04264,1628.52
30.12.2024 07:10:00,1.04264,1.04286,1.0425,1.04277,1986.05
30.12.2024 07:20:00,1.04278,1.04281,1.04247,1.04251,2065.14
30.12.2024 07:30:00,1.04251,1.04252,1.04209,1.04241,2034.8
30.12.2024 07:40:00,1.04241,1.04268,1.04227,1.04235,1870.53
30.12.2024 07:50:00,1.04234,1.04288,1.04228,1.04267,2109.68
30.12.2024 08:00:00,1.04266,1.04297,1.04253,1.04288,3523.8
30.12.2024 08:10:00,1.04287,1.04295,1.04201,1.04211,3143.75
30.12.2024 08:20:00,1.04211,1.04211,1.04183,1.04195,2670.22
30.12.2024 08:30:00,1.04194,1.04227,1.04169,1.04208,1665
30.12.2024 08:40:00,1.04209,1.04224,1.04199,1.042,1524.36
30.12.2024 08:50:00,1.042,1.04208,1.04093,1.04128,2657.57
30.12.2024 09:00:00,1.04127,1.04182,1.04109,1.04181,1459
30.12.2024 09:10:00,1.04179,1.04186,1.04132,1.04153,2025.28
30.12.2024 09:20:00,1.04153,1.04184,1.04131,1.04181,2725.38
30.12.2024 09:30:00,1.04182,1.04223,1.04169,1.04222,1954.52
30.12.2024 09:40:00,1.04223,1.04261,1.04211,1.04261,1568.4
30.12.2024 09:50:00,1.0426,1.04393,1.04245,1.04338,3851.66
30.12.2024 10:00:00,1.04337,1.04414,1.04327,1.04413,2963.99
30.12.2024 10:10:00,1.04404,1.04439,1.044,1.04411,3796.48
30.12.2024 10:20:00,1.0441,1.04422,1.04356,1.04359,3933.32
30.12.2024 10:30:00,1.04359,1.04387,1.04352,1.04369,2421.56
30.12.2024 10:40:00,1.04368,1.04418,1.04363,1.04418,1674.5
30.12.2024 10:50:00,1.04417,1.0444,1.04381,1.04383,2075.14
30.12.2024 11:00:00,1.04383,1.04427,1.04368,1.04408,2171.73
30.12.2024 11:10:00,1.04407,1.04438,1.04403,1.04427,1743.78
30.12.2024 11:20:00,1.04428,1.04498,1.04428,1.04469,2159.94
30.12.2024 11:30:00,1.04467,1.04508,1.04459,1.04482,1822.13
30.12.2024 11:40:00,1.04482,1.04495,1.04454,1.04462,2096.79
30.12.2024 11:50:00,1.04461,1.04521,1.04449,1.04479,1943.58
30.12.2024 12:00:00,1.0448,1.04553,1.04471,1.0453,1891.18
30.12.2024 12:10:00,1.0453,1.04583,1.0452,1.04522,2377.93
30.12.2024 12:20:00,1.04521,1.04525,1.0439,1.04448,3618.94
30.12.2024 12:30:00,1.0445,1.0446,1.04409,1.04409,2029.48
30.12.2024 12:40:00,1.04409,1.04516,1.04409,1.04482,2054.03
30.12.2024 12:50:00,1.04482,1.04499,1.04466,1.04493,1899.21
30.12.2024 13:00:00,1.04495,1.04518,1.04431,1.0444,1966.38
30.12.2024 13:10:00,1.0444,1.0444,1.0436,1.04374,3156.23
30.12.2024 13:20:00,1.04373,1.04427,1.04364,1.04375,2315.58
30.12.2024 13:30:00,1.04375,1.04377,1.04314,1.04339,3849.48
30.12.2024 13:40:00,1.04341,1.04342,1.04201,1.04212,3459.33
30.12.2024 13:50:00,1.04211,1.0423,1.03851,1.03878,9113.22
30.12.2024 14:00:00,1.0388,1.03989,1.03799,1.03975,6755.43
30.12.2024 14:10:00,1.03974,1.04078,1.03973,1.04012,3211.9
30.12.2024 14:20:00,1.04013,1.04073,1.04,1.04007,1793.83
30.12.2024 14:30:00,1.04005,1.04005,1.03864,1.03875,3497.8
30.12.2024 14:40:00,1.03878,1.04016,1.03857,1.04016,3311.43
30.12.2024 14:50:00,1.04015,1.04088,1.04005,1.04052,3952.65
30.12.2024 15:00:00,1.04052,1.04056,1.03947,1.03991,5939.11
30.12.2024 15:10:00,1.03986,1.03989,1.03886,1.0391,3547.68
30.12.2024 15:20:00,1.03913,1.03963,1.03869,1.03912,3190.72
30.12.2024 15:30:00,1.03912,1.03947,1.03868,1.03938,3701.87
30.12.2024 15:40:00,1.03937,1.03956,1.03755,1.03769,4628.49
30.12.2024 15:50:00,1.03768,1.03822,1.03717,1.03804,4955.49
30.12.2024 16:00:00,1.03803,1.03842,1.03784,1.03819,2498.46
30.12.2024 16:10:00,1.03819,1.03888,1.03792,1.0384,2692.02
30.12.2024 16:20:00,1.03839,1.03847,1.03747,1.0379,2584.16
30.12.2024 16:30:00,1.03789,1.03886,1.03789,1.03886,1479.87
30.12.2024 16:40:00,1.03886,1.03914,1.03791,1.03794,3244.46
30.12.2024 16:50:00,1.03793,1.03886,1.03789,1.03857,2594.87
30.12.2024 17:00:00,1.03858,1.03906,1.03845,1.03861,3420.11
30.12.2024 17:10:00,1.03861,1.03921,1.03861,1.03892,2520.71
30.12.2024 17:20:00,1.03894,1.03935,1.03877,1.03913,1119.95
30.12.2024 17:30:00,1.03914,1.03923,1.03862,1.03881,1211.02
30.12.2024 17:40:00,1.03882,1.0393,1.03864,1.03921,1077.48
30.12.2024 17:50:00,1.03921,1.03953,1.0392,1.03941,1142.19
30.12.2024 18:00:00,1.03942,1.03994,1.03937,1.0399,712.61
30.12.2024 18:10:00,1.03991,1.03997,1.03968,1.03971,922.99
30.12.2024 18:20:00,1.03971,1.03981,1.03957,1.03971,684.19
30.12.2024 18:30:00,1.03971,1.04019,1.03963,1.03991,919.09
30.12.2024 18:40:00,1.03994,1.04052,1.03992,1.04034,744.45
30.12.2024 18:50:00,1.04035,1.0407,1.04025,1.04044,851.93
30.12.2024 19:00:00,1.04044,1.04053,1.0399,1.04013,1208.07
30.12.2024 19:10:00,1.04015,1.04018,1.03981,1.03985,867.47
30.12.2024 19:20:00,1.03985,1.0403,1.03984,1.04021,806.55
30.12.2024 19:30:00,1.04021,1.04041,1.04016,1.04018,577.89
30.12.2024 19:40:00,1.04019,1.04028,1.03995,1.04014,520.5
30.12.2024 19:50:00,1.04013,1.04013,1.0396,1.03965,716.82
30.12.2024 20:00:00,1.03966,1.04007,1.03951,1.04006,796.56
30.12.2024 20:10:00,1.04006,1.0404,1.04005,1.0404,433.26
30.12.2024 20:20:00,1.0404,1.04051,1.04016,1.04024,786.15
30.12.2024 20:30:00,1.04025,1.04029,1.04003,1.04023,828.72
30.12.2024 20:40:00,1.04024,1.04042,1.04017,1.04021,746.1
30.12.2024 20:50:00,1.04021,1.04022,1.03985,1.03987,1247.72
30.12.2024 21:00:00,1.03993,1.04019,1.03982,1.04,428.07
30.12.2024 21:10:00,1.04001,1.04009,1.03997,1.03999,123.96
30.12.2024 21:20:00,1.03999,1.04014,1.03995,1.03997,229.38
30.12.2024 21:30:00,1.03998,1.04016,1.03996,1.04016,154.68
30.12.2024 21:40:00,1.04017,1.04039,1.04014,1.04035,437.93
30.12.2024 21:50:00,1.04035,1.04069,1.04035,1.04069,474.48
30.12.2024 22:00:00,1.04069,1.04071,1.03999,1.04012,134.82
30.12.2024 22:10:00,1.0401,1.04024,1.03999,1.04018,170.55
30.12.2024 22:20:00,1.04019,1.04022,1.03991,1.04016,153.9
30.12.2024 22:30:00,1.04014,1.04034,1.04014,1.04018,110.82
30.12.2024 22:40:00,1.04018,1.04027,1.04017,1.04027,264.69
30.12.2024 22:50:00,1.04026,1.04045,1.04026,1.04043,238.23
30.12.2024 23:00:00,1.04045,1.0405,1.03987,1.03987,292.23
30.12.2024 23:10:00,1.03987,1.04025,1.03987,1.0402,296.57
30.12.2024 23:20:00,1.04022,1.04037,1.04022,1.04031,161.45
30.12.2024 23:30:00,1.04031,1.04055,1.04031,1.04054,221.85
30.12.2024 23:40:00,1.04053,1.04055,1.04039,1.04043,198
30.12.2024 23:50:00,1.04043,1.04059,1.04043,1.04056,131.3
31.12.2024 00:00:00,1.04057,1.04058,1.04038,1.04039,303.22
31.12.2024 00:10:00,1.0404,1.04042,1.04029,1.04029,244.92
31.12.2024 00:20:00,1.04029,1.04029,1.04019,1.04023,215.53
31.12.2024 00:30:00,1.04024,1.04024,1.03973,1.03973,494.72
31.12.2024 00:40:00,1.03973,1.04013,1.03969,1.04012,299.42
31.12.2024 00:50:00,1.04011,1.04036,1.04002,1.04034,335.14
31.12.2024 01:00:00,1.04035,1.04053,1.04022,1.04053,309.81
31.12.2024 01:10:00,1.04051,1.04087,1.0405,1.04077,381.29
31.12.2024 01:20:00,1.04078,1.04113,1.04076,1.04105,345.4
31.12.2024 01:30:00,1.04105,1.04128,1.04068,1.04081,876.13
31.12.2024 01:40:00,1.04081,1.0413,1.04081,1.04129,1418.82
31.12.2024 01:50:00,1.04129,1.04131,1.04095,1.04119,1233.77
31.12.2024 02:00:00,1.04119,1.04148,1.041,1.041,1050.01
31.12.2024 02:10:00,1.041,1.0411,1.04084,1.04084,784.98
31.12.2024 02:20:00,1.04085,1.04106,1.04079,1.04092,567.87
31.12.2024 02:30:00,1.04093,1.04118,1.04092,1.04103,444.12
31.12.2024 02:40:00,1.04103,1.04104,1.04084,1.04092,317.85
31.12.2024 02:50:00,1.04092,1.04129,1.04092,1.04125,389.88
31.12.2024 03:00:00,1.04125,1.04134,1.04094,1.041,411.96
31.12.2024 03:10:00,1.041,1.04114,1.04099,1.04105,480.49
31.12.2024 03:20:00,1.04105,1.04114,1.04104,1.04107,278.75
31.12.2024 03:30:00,1.04107,1.04109,1.0409,1.04096,610.65
31.12.2024 03:40:00,1.04097,1.041,1.04081,1.04085,247.83
31.12.2024 03:50:00,1.04083,1.04091,1.04072,1.04085,353.17
31.12.2024 04:00:00,1.04084,1.04091,1.04065,1.04067,314.8
31.12.2024 04:10:00,1.04069,1.04077,1.04067,1.0407,191.8
31.12.2024 04:20:00,1.04069,1.04076,1.0405,1.0405,576.54
31.12.2024 04:30:00,1.04051,1.0407,1.04037,1.04064,401.33
31.12.2024 04:40:00,1.04062,1.04075,1.04055,1.0406,369.03
31.12.2024 04:50:00,1.0406,1.04072,1.0404,1.04041,303.86
31.12.2024 05:00:00,1.04042,1.04067,1.04039,1.04065,277.85
31.12.2024 05:10:00,1.04065,1.0407,1.04061,1.04061,222.71
31.12.2024 05:20:00,1.04062,1.0407,1.04062,1.04064,188.13
31.12.2024 05:30:00,1.04065,1.04075,1.04061,1.04069,360.38
31.12.2024 05:40:00,1.04069,1.04071,1.04054,1.04054,368.91
31.12.2024 05:50:00,1.04053,1.04055,1.04025,1.04038,541.04
31.12.2024 06:00:00,1.04038,1.04051,1.04038,1.04046,523.28
31.12.2024 06:10:00,1.04046,1.0405,1.04016,1.04023,446.4
31.12.2024 06:20:00,1.04024,1.04033,1.04014,1.04014,477.9
31.12.2024 06:30:00,1.04013,1.04015,1.03996,1.04009,569.32
31.12.2024 06:40:00,1.04008,1.04027,1.04004,1.04027,552.78
31.12.2024 06:50:00,1.04028,1.04059,1.04027,1.04038,572.34
31.12.2024 07:00:00,1.04039,1.04051,1.04023,1.04049,905.4
31.12.2024 07:10:00,1.04048,1.04051,1.04029,1.04049,1056.44
31.12.2024 07:20:00,1.04049,1.04087,1.04037,1.04076,732.51
31.12.2024 07:30:00,1.04077,1.04098,1.04065,1.04078,728.13
31.12.2024 07:40:00,1.04078,1.04129,1.04071,1.04109,741.5
31.12.2024 07:50:00,1.04108,1.0412,1.04095,1.04118,831.62
31.12.2024 08:00:00,1.0412,1.04147,1.04102,1.04142,1233.84
31.12.2024 08:10:00,1.04142,1.04142,1.04075,1.04098,921.96
31.12.2024 08:20:00,1.04101,1.04116,1.04058,1.04071,1239.93
31.12.2024 08:30:00,1.04072,1.04137,1.04071,1.04137,1109.21
31.12.2024 08:40:00,1.04137,1.04137,1.04073,1.04096,1477.44
31.12.2024 08:50:00,1.04095,1.042,1.04089,1.04183,1311.08
31.12.2024 09:00:00,1.04182,1.04188,1.04117,1.04132,1071.72
31.12.2024 09:10:00,1.04132,1.04177,1.0413,1.04149,1285.41
31.12.2024 09:20:00,1.0415,1.04158,1.04126,1.04137,985.26
31.12.2024 09:30:00,1.04137,1.04193,1.04133,1.04188,1502.9
31.12.2024 09:40:00,1.04189,1.04238,1.04188,1.04227,1634.8
31.12.2024 09:50:00,1.04228,1.04243,1.04183,1.04185,1966.81
31.12.2024 10:00:00,1.04184,1.04189,1.04051,1.04098,2704.22
31.12.2024 10:10:00,1.04099,1.04127,1.04065,1.04082,1418.62
31.12.2024 10:20:00,1.0408,1.04103,1.0407,1.04101,1132.45
31.12.2024 10:30:00,1.04102,1.04121,1.04078,1.04105,1224.08
31.12.2024 10:40:00,1.04106,1.04133,1.04087,1.04132,1088.38
31.12.2024 10:50:00,1.04132,1.04199,1.04126,1.04128,1954.69
31.12.2024 11:00:00,1.04129,1.04187,1.04127,1.04181,1240.9
31.12.2024 11:10:00,1.04181,1.04193,1.04158,1.04158,1314.29
31.12.2024 11:20:00,1.04157,1.04184,1.04135,1.04137,1513.42
31.12.2024 11:30:00,1.04137,1.04148,1.04086,1.04097,1463.15
31.12.2024 11:40:00,1.04096,1.04113,1.0408,1.04088,1329
31.12.2024 11:50:00,1.04088,1.04108,1.04053,1.04103,1570.69
31.12.2024 12:00:00,1.04103,1.04143,1.04067,1.04078,811.27
31.12.2024 12:10:00,1.04081,1.04118,1.04063,1.04093,2033.06
31.12.2024 12:20:00,1.04093,1.04112,1.0403,1.0403,2146.89
31.12.2024 12:30:00,1.04029,1.04037,1.03993,1.0402,2165.38
31.12.2024 12:40:00,1.04021,1.04057,1.04003,1.04013,2205.99
31.12.2024 12:50:00,1.04014,1.04015,1.03912,1.03927,3727.47
31.12.2024 13:00:00,1.03927,1.03967,1.03859,1.0389,4470.08
31.12.2024 13:10:00,1.03889,1.03925,1.03852,1.03853,3817.26
31.12.2024 13:20:00,1.03854,1.03926,1.03834,1.03906,2767.59
31.12.2024 13:30:00,1.03905,1.03973,1.03901,1.03943,3274.36
31.12.2024 13:40:00,1.03943,1.03965,1.03891,1.03902,3892.27
31.12.2024 13:50:00,1.03903,1.03932,1.03879,1.03927,3572.79
31.12.2024 14:00:00,1.03929,1.03942,1.03815,1.03815,4034.4
31.12.2024 14:10:00,1.03816,1.03891,1.03778,1.03858,3447.3
31.12.2024 14:20:00,1.03858,1.03864,1.0379,1.03807,2713.77
31.12.2024 14:30:00,1.03807,1.03857,1.0375,1.03814,4248.85
31.12.2024 14:40:00,1.03814,1.03818,1.03747,1.03749,4019.74
31.12.2024 14:50:00,1.0375,1.03802,1.0375,1.03758,4998.82
31.12.2024 15:00:00,1.03758,1.03817,1.037,1.03816,4972.57
31.12.2024 15:10:00,1.03816,1.03891,1.03814,1.0382,2487.58
31.12.2024 15:20:00,1.03821,1.03821,1.03735,1.03751,2279.72
31.12.2024 15:30:00,1.03751,1.0376,1.0364,1.03714,2280.73
31.12.2024 15:40:00,1.03714,1.03761,1.03606,1.03613,2643.57
31.12.2024 15:50:00,1.03614,1.03633,1.03525,1.03547,3523.68
31.12.2024 16:00:00,1.03548,1.03611,1.03467,1.03514,2662.96
31.12.2024 16:10:00,1.03514,1.03554,1.03488,1.03529,1657.63
31.12.2024 16:20:00,1.03529,1.0354,1.035,1.03523,1197.51
31.12.2024 16:30:00,1.03522,1.03578,1.035,1.03513,1012.42
31.12.2024 16:40:00,1.03514,1.03519,1.03476,1.03509,1252.42
31.12.2024 16:50:00,1.03509,1.03526,1.03474,1.03502,2579.71
31.12.2024 17:00:00,1.03503,1.03544,1.0348,1.03539,2554.11
31.12.2024 17:10:00,1.03538,1.03548,1.035,1.0354,1609.38
31.12.2024 17:20:00,1.03542,1.03549,1.03473,1.03474,1933.82
31.12.2024 17:30:00,1.03474,1.03483,1.0345,1.03457,1789.76
31.12.2024 17:40:00,1.03458,1.03512,1.0344,1.03444,1024.99
31.12.2024 17:50:00,1.03444,1.03535,1.03443,1.03485,1301.71
31.12.2024 18:00:00,1.03485,1.03507,1.03459,1.03488,1406.75
31.12.2024 18:10:00,1.03486,1.0349,1.03454,1.03485,992.25
31.12.2024 18:20:00,1.03486,1.03532,1.03478,1.03527,805.42
31.12.2024 18:30:00,1.03526,1.03546,1.03511,1.03528,668.39
31.12.2024 18:40:00,1.03529,1.03566,1.03528,1.03552,547.31
31.12.2024 18:50:00,1.03552,1.03561,1.03526,1.03529,836.33
31.12.2024 19:00:00,1.03529,1.03581,1.03516,1.03568,724.93
31.12.2024 19:10:00,1.03569,1.03646,1.03569,1.03593,724.25
31.12.2024 19:20:00,1.03593,1.03597,1.03574,1.03589,745.56
31.12.2024 19:30:00,1.03588,1.03588,1.03547,1.03548,816.58
31.12.2024 19:40:00,1.03549,1.03563,1.03538,1.03543,655.89
31.12.2024 19:50:00,1.03543,1.03569,1.03538,1.03547,684.9
31.12.2024 20:00:00,1.03547,1.03601,1.03544,1.03595,636.16
31.12.2024 20:10:00,1.03595,1.03597,1.0357,1.03595,451.86
31.12.2024 20:20:00,1.03596,1.0363,1.03595,1.03612,453.87
31.12.2024 20:30:00,1.03612,1.03613,1.03589,1.03592,362.55
31.12.2024 20:40:00,1.03593,1.03606,1.03587,1.03606,289.43
31.12.2024 20:50:00,1.03605,1.03607,1.03569,1.03583,497.92
31.12.2024 21:00:00,1.03584,1.03609,1.03584,1.03593,245.96
31.12.2024 21:10:00,1.03592,1.03602,1.03589,1.03597,117.93
31.12.2024 21:20:00,1.03597,1.03597,1.03576,1.03584,241.63
31.12.2024 21:30:00,1.03585,1.03594,1.03567,1.0358,191.88
31.12.2024 21:40:00,1.0358,1.03585,1.03555,1.03564,524.37
31.12.2024 21:50:00,1.03562,1.03567,1.03526,1.03526,486
01.01.2025 22:00:00,1.03503,1.03519,1.03484,1.035,60.99
01.01.2025 22:10:00,1.03499,1.03532,1.03483,1.03527,104.82
01.01.2025 22:20:00,1.0353,1.03546,1.035,1.03543,166.23
01.01.2025 22:30:00,1.03542,1.03573,1.03526,1.03572,240.48
01.01.2025 22:40:00,1.03571,1.03573,1.03553,1.03561,597.67
01.01.2025 22:50:00,1.0356,1.03577,1.0355,1.0355,273.03
01.01.2025 23:00:00,1.0355,1.03563,1.03501,1.03543,1175.61
01.01.2025 23:10:00,1.03543,1.03543,1.03527,1.03539,441.36
01.01.2025 23:20:00,1.03539,1.03539,1.03513,1.03513,768.9
01.01.2025 23:30:00,1.03515,1.03517,1.03462,1.03485,940.71
01.01.2025 23:40:00,1.03485,1.0352,1.03478,1.03512,504.89
01.01.2025 23:50:00,1.03513,1.03531,1.03502,1.03507,615.9
02.01.2025 00:00:00,1.03508,1.03514,1.03491,1.03514,640.85
02.01.2025 00:10:00,1.03513,1.03518,1.03478,1.03489,554.57
02.01.2025 00:20:00,1.0349,1.03513,1.03472,1.03506,825.29
02.01.2025 00:30:00,1.03505,1.03516,1.03485,1.03503,524.61
02.01.2025 00:40:00,1.03504,1.0352,1.03497,1.03514,528.26
02.01.2025 00:50:00,1.03513,1.03564,1.03503,1.0352,607.79
02.01.2025 01:00:00,1.03521,1.03521,1.03442,1.03486,992.88
02.01.2025 01:10:00,1.03486,1.03504,1.03463,1.03473,1025.35
02.01.2025 01:20:00,1.03474,1.03538,1.03468,1.03508,583.11
02.01.2025 01:30:00,1.03509,1.03559,1.03489,1.03557,660.47
02.01.2025 01:40:00,1.03558,1.03606,1.03557,1.03585,861.79
02.01.2025 01:50:00,1.03584,1.03598,1.03572,1.03578,888.85
02.01.2025 02:00:00,1.03577,1.03611,1.03577,1.03605,608.62
02.01.2025 02:10:00,1.03604,1.03613,1.03593,1.03606,408.53
02.01.2025 02:20:00,1.03606,1.03635,1.036,1.0363,608.73
02.01.2025 02:30:00,1.0363,1.03654,1.03629,1.03653,341.43
02.01.2025 02:40:00,1.03656,1.03703,1.03656,1.03702,403.38
02.01.2025 02:50:00,1.037,1.03712,1.03692,1.03709,420.78
02.01.2025 03:00:00,1.03711,1.03732,1.03705,1.0373,519.86
02.01.2025 03:10:00,1.03731,1.03731,1.03682,1.03694,518.09
02.01.2025 03:20:00,1.03694,1.03713,1.03692,1.03704,235.8
02.01.2025 03:30:00,1.03707,1.0374,1.037,1.03716,452.51
02.01.2025 03:40:00,1.03717,1.03725,1.03697,1.03697,903.23
02.01.2025 03:50:00,1.03698,1.03717,1.03694,1.03715,211.94
02.01.2025 04:00:00,1.03716,1.03746,1.03716,1.03744,461.96
02.01.2025 04:10:00,1.03745,1.03756,1.03735,1.03737,547.59
02.01.2025 04:20:00,1.03739,1.03739,1.03709,1.03711,585.03
02.01.2025 04:30:00,1.03712,1.03716,1.03671,1.03671,778.14
02.01.2025 04:40:00,1.03672,1.03689,1.03664,1.03689,479.16
02.01.2025 04:50:00,1.0369,1.03705,1.03687,1.03692,406.41
02.01.2025 05:00:00,1.03693,1.03706,1.03655,1.03656,569.52
02.01.2025 05:10:00,1.03656,1.03668,1.03649,1.03661,631.17
02.01.2025 05:20:00,1.03662,1.0367,1.03635,1.03646,674.91
02.01.2025 05:30:00,1.03647,1.03653,1.03623,1.03628,458.9
02.01.2025 05:40:00,1.03627,1.03641,1.03617,1.03632,342.3
02.01.2025 05:50:00,1.03632,1.03648,1.03622,1.03638,594.15
02.01.2025 06:00:00,1.03637,1.03637,1.03607,1.03619,739.56
02.01.2025 06:10:00,1.03619,1.03633,1.03615,1.03625,502.92
02.01.2025 06:20:00,1.03623,1.03633,1.03603,1.03616,543.84
02.01.2025 06:30:00,1.03616,1.03639,1.03599,1.0362,824.91
02.01.2025 06:40:00,1.0362,1.0365,1.03616,1.03639,762.87
02.01.2025 06:50:00,1.0364,1.03645,1.03622,1.03637,714.78
02.01.2025 07:00:00,1.03637,1.03682,1.03629,1.03673,1855.68
02.01.2025 07:10:00,1.03672,1.0368,1.03635,1.03674,1411.07
02.01.2025 07:20:00,1.03673,1.03695,1.0366,1.03686,912.09
02.01.2025 07:30:00,1.03688,1.03694,1.03659,1.03661,1218.55
02.01.2025 07:40:00,1.0366,1.03723,1.03659,1.03718,1144.77
02.01.2025 07:50:00,1.03718,1.03722,1.03623,1.03627,1344.88
02.01.2025 08:00:00,1.03628,1.03709,1.03595,1.03596,2482.53
02.01.2025 08:10:00,1.03597,1.03616,1.03533,1.03533,2230.16
02.01.2025 08:20:00,1.03531,1.03538,1.03483,1.03487,1420.36
02.01.2025 08:30:00,1.03487,1.03604,1.03461,1.03558,1602.22
02.01.2025 08:40:00,1.03557,1.036,1.03549,1.03579,1590.56
02.01.2025 08:50:00,1.03578,1.03628,1.03552,1.03627,1215.43
02.01.2025 09:00:00,1.03626,1.03666,1.03569,1.03603,1794.74
02.01.2025 09:10:00,1.03601,1.03698,1.03599,1.03691,1120.38
02.01.2025 09:20:00,1.03691,1.03701,1.03614,1.0362,1704.76
02.01.2025 09:30:00,1.0362,1.03647,1.03578,1.03581,1341.32
02.01.2025 09:40:00,1.0358,1.03585,1.03538,1.03568,1149.64
02.01.2025 09:50:00,1.03567,1.0357,1.03493,1.03515,1194.98
02.01.2025 10:00:00,1.03514,1.03551,1.03514,1.03531,1514.19
02.01.2025 10:10:00,1.0353,1.03568,1.03519,1.03566,940.35
02.01.2025 10:20:00,1.03566,1.03568,1.03499,1.03506,1095.85
02.01.2025 10:30:00,1.03506,1.03506,1.03399,1.0341,2156.06
02.01.2025 10:40:00,1.0341,1.03426,1.03135,1.03172,3034.89
02.01.2025 10:50:00,1.03169,1.03277,1.03151,1.03168,3012.67
02.01.2025 11:00:00,1.03166,1.03284,1.03157,1.03282,1735.55
02.01.2025 11:10:00,1.03282,1.0334,1.03276,1.03339,1553.19
02.01.2025 11:20:00,1.03338,1.03339,1.03218,1.03218,1787.07
02.01.2025 11:30:00,1.03218,1.03224,1.0315,1.03222,1606.07
02.01.2025 11:40:00,1.03223,1.03291,1.03218,1.03281,764.49
02.01.2025 11:50:00,1.0328,1.03322,1.03213,1.03321,970.38
02.01.2025 12:00:00,1.03321,1.03342,1.03271,1.03296,1201.94
02.01.2025 12:10:00,1.03295,1.03316,1.03278,1.03309,878.96
02.01.2025 12:20:00,1.0331,1.03326,1.03266,1.03293,885.63
02.01.2025 12:30:00,1.03292,1.03314,1.03267,1.03304,1298.08
02.01.2025 12:40:00,1.03304,1.03304,1.03201,1.03211,1355.92
02.01.2025 12:50:00,1.03211,1.03275,1.03148,1.03182,1844.08
02.01.2025 13:00:00,1.03181,1.03236,1.03136,1.03207,1657.31
02.01.2025 13:10:00,1.03206,1.03213,1.0315,1.03177,1365.3
02.01.2025 13:20:00,1.03176,1.03219,1.03127,1.03179,1876.97
02.01.2025 13:30:00,1.03177,1.03296,1.03112,1.03239,3742.39
02.01.2025 13:40:00,1.03237,1.03286,1.03173,1.03179,2273.07
02.01.2025 13:50:00,1.03179,1.03185,1.03116,1.03133,2822.71
02.01.2025 14:00:00,1.03134,1.03144,1.03067,1.031,2472.25
02.01.2025 14:10:00,1.03099,1.03141,1.03062,1.03122,4519.35
02.01.2025 14:20:00,1.03122,1.032,1.03102,1.03158,2441.34
02.01.2025 14:30:00,1.03159,1.03239,1.03117,1.0312,4080.83
02.01.2025 14:40:00,1.03119,1.03168,1.03058,1.03058,3469.19
02.01.2025 14:50:00,1.03057,1.03078,1.03021,1.03038,4404.28
02.01.2025 15:00:00,1.03037,1.03087,1.0301,1.03012,4573.28
02.01.2025 15:10:00,1.03012,1.03074,1.03009,1.03068,3522.28
02.01.2025 15:20:00,1.03067,1.03082,1.02809,1.02855,7048.5
02.01.2025 15:30:00,1.02855,1.02921,1.02817,1.02921,7206.96
02.01.2025 15:40:00,1.02921,1.02971,1.02836,1.02837,6016.54
02.01.2025 15:50:00,1.02836,1.02917,1.02725,1.02741,8643.65
02.01.2025 16:00:00,1.0274,1.02762,1.02237,1.02525,10084.07
02.01.2025 16:10:00,1.02526,1.02624,1.02469,1.02618,5769.99
02.01.2025 16:20:00,1.02619,1.02621,1.02499,1.02531,4588.87
02.01.2025 16:30:00,1.02531,1.02552,1.02452,1.02516,4580.68
02.01.2025 16:40:00,1.02516,1.02525,1.0241,1.02472,3502.88
02.01.2025 16:50:00,1.02473,1.02642,1.02473,1.02611,2110.84
02.01.2025 17:00:00,1.02611,1.02659,1.02557,1.02647,1931.3
02.01.2025 17:10:00,1.02649,1.02679,1.02592,1.02612,1831.46
02.01.2025 17:20:00,1.02611,1.02651,1.02565,1.02569,1579.04
02.01.2025 17:30:00,1.02568,1.02613,1.02513,1.02613,1391.81
02.01.2025 17:40:00,1.02613,1.02664,1.02591,1.02594,950.94
02.01.2025 17:50:00,1.02591,1.02662,1.02587,1.02648,1613.93
02.01.2025 18:00:00,1.02651,1.02662,1.02613,1.02639,1057.91
02.01.2025 18:10:00,1.02637,1.02655,1.02607,1.0264,1215.41
02.01.2025 18:20:00,1.02639,1.02642,1.02601,1.02625,736.03
02.01.2025 18:30:00,1.02625,1.02625,1.02567,1.02572,613.64
02.01.2025 18:40:00,1.02573,1.02618,1.02561,1.02587,619.89
02.01.2025 18:50:00,1.02588,1.02594,1.02557,1.02563,800.37
02.01.2025 19:00:00,1.02563,1.02592,1.0255,1.02555,635.07
02.01.2025 19:10:00,1.02555,1.02555,1.02492,1.02509,712.68
02.01.2025 19:20:00,1.0251,1.02578,1.02503,1.02569,645.08
02.01.2025 19:30:00,1.02568,1.02595,1.02538,1.02553,807.37
02.01.2025 19:40:00,1.02556,1.02564,1.02493,1.02503,495.65
02.01.2025 19:50:00,1.02501,1.02519,1.02477,1.0251,1095.83
02.01.2025 20:00:00,1.02511,1.02566,1.02506,1.02559,941.93
02.01.2025 20:10:00,1.02558,1.02581,1.02536,1.02579,583.98
02.01.2025 20:20:00,1.02579,1.02631,1.02568,1.02621,625.83
02.01.2025 20:30:00,1.02621,1.02645,1.02597,1.02603,489.54
02.01.2025 20:40:00,1.02605,1.02629,1.02604,1.02625,251.8
02.01.2025 20:50:00,1.02627,1.0264,1.02613,1.02613,354.89
02.01.2025 21:00:00,1.02613,1.02654,1.02612,1.02654,181.14
02.01.2025 21:10:00,1.02653,1.02655,1.02624,1.02626,114.15
02.01.2025 21:20:00,1.02627,1.02656,1.02627,1.0265,205.41
02.01.2025 21:30:00,1.02648,1.0266,1.0263,1.02644,212.3
02.01.2025 21:40:00,1.02647,1.02679,1.02647,1.02674,335.77
02.01.2025 21:50:00,1.02674,1.02687,1.0264,1.0264,601.99
02.01.2025 22:00:00,1.0264,1.0264,1.02612,1.02628,45.7
02.01.2025 22:10:00,1.02628,1.02635,1.02628,1.02628,81.7
02.01.2025 22:20:00,1.02628,1.02663,1.02628,1.02655,97.15
02.01.2025 22:30:00,1.02655,1.02658,1.0265,1.0265,997.62
02.01.2025 22:40:00,1.0265,1.02666,1.02649,1.02665,621.07
02.01.2025 22:50:00,1.02664,1.02666,1.02643,1.02651,177.61
02.01.2025 23:00:00,1.0265,1.0267,1.02646,1.02663,308.79
02.01.2025 23:10:00,1.02663,1.02672,1.02661,1.02665,261.6
02.01.2025 23:20:00,1.02664,1.02669,1.02648,1.02662,290.6
02.01.2025 23:30:00,1.02662,1.02664,1.02649,1.0265,174.08
02.01.2025 23:40:00,1.0265,1.02661,1.02649,1.02661,326.67
02.01.2025 23:50:00,1.02662,1.0268,1.02661,1.02678,122.39
03.01.2025 00:00:00,1.02679,1.02692,1.02672,1.02678,342.35
03.01.2025 00:10:00,1.02678,1.02678,1.02659,1.02672,429.82
03.01.2025 00:20:00,1.02672,1.02682,1.02664,1.02675,251.61
03.01.2025 00:30:00,1.02676,1.02691,1.02673,1.02683,294.38
03.01.2025 00:40:00,1.02684,1.02716,1.02679,1.02716,210.3
03.01.2025 00:50:00,1.02717,1.02734,1.02711,1.02729,302.71
03.01.2025 01:00:00,1.02728,1.02728,1.02701,1.02715,399.64
03.01.2025 01:10:00,1.02715,1.02715,1.02689,1.02707,320.48
03.01.2025 01:20:00,1.02706,1.02717,1.02671,1.02683,318.47
03.01.2025 01:30:00,1.02684,1.02701,1.02673,1.02689,433.99
03.01.2025 01:40:00,1.02689,1.02691,1.02676,1.02689,294.45
03.01.2025 01:50:00,1.02686,1.02686,1.02665,1.02674,408.51
03.01.2025 02:00:00,1.02674,1.02717,1.02668,1.0269,403.95
03.01.2025 02:10:00,1.0269,1.02709,1.02684,1.02688,558.79
03.01.2025 02:20:00,1.02688,1.02713,1.02676,1.02713,438.88
03.01.2025 02:30:00,1.02716,1.02723,1.02703,1.02713,307.76
03.01.2025 02:40:00,1.02713,1.02742,1.02712,1.02742,334.05
03.01.2025 02:50:00,1.02742,1.02745,1.0272,1.02722,304.77
03.01.2025 03:00:00,1.02723,1.02727,1.02715,1.02721,160.72
03.01.2025 03:10:00,1.02722,1.02725,1.02705,1.02718,316.14
03.01.2025 03:20:00,1.02718,1.02743,1.02707,1.02735,459.3
03.01.2025 03:30:00,1.02738,1.02739,1.02706,1.02717,247.26
03.01.2025 03:40:00,1.02718,1.02719,1.02699,1.02703,234.57
03.01.2025 03:50:00,1.02702,1.02712,1.02687,1.02707,302.31
03.01.2025 04:00:00,1.02706,1.02709,1.02675,1.02685,232.47
03.01.2025 04:10:00,1.02688,1.02697,1.02679,1.02696,203.13
03.01.2025 04:20:00,1.02696,1.02696,1.0267,1.02688,312.9
03.01.2025 04:30:00,1.02689,1.02697,1.02681,1.02691,185.94
03.01.2025 04:40:00,1.02691,1.02691,1.02673,1.02685,294.15
03.01.2025 04:50:00,1.02684,1.02697,1.02682,1.02695,272.52
03.01.2025 05:00:00,1.02696,1.02697,1.02673,1.02676,413.61
03.01.2025 05:10:00,1.02675,1.02677,1.0265,1.02651,239.19
03.01.2025 05:20:00,1.02651,1.02719,1.02646,1.02716,213.15
03.01.2025 05:30:00,1.02718,1.02736,1.02718,1.02734,237.45
03.01.2025 05:40:00,1.02734,1.02734,1.02709,1.0272,363.79
03.01.2025 05:50:00,1.02723,1.02723,1.02697,1.02717,384.2
03.01.2025 06:00:00,1.02717,1.02735,1.02715,1.02735,326.97
03.01.2025 06:10:00,1.02734,1.02746,1.02734,1.02746,275.34
03.01.2025 06:20:00,1.02745,1.02746,1.02735,1.02737,169.35
03.01.2025 06:30:00,1.02732,1.02738,1.02722,1.02735,266.34
03.01.2025 06:40:00,1.02736,1.02749,1.02724,1.02749,262.92
03.01.2025 06:50:00,1.0275,1.02793,1.02744,1.0279,425.85
03.01.2025 07:00:00,1.0279,1.02826,1.02764,1.02768,971.55
03.01.2025 07:10:00,1.02767,1.02816,1.02715,1.02762,1531.27
03.01.2025 07:20:00,1.02761,1.02806,1.02687,1.02782,2021.64
03.01.2025 07:30:00,1.02781,1.02847,1.02779,1.02808,978.61
03.01.2025 07:40:00,1.02808,1.02839,1.02803,1.02829,901.91
03.01.2025 07:50:00,1.02828,1.02836,1.02806,1.02807,1071.32
03.01.2025 08:00:00,1.02806,1.0288,1.02806,1.02813,1647.79
03.01.2025 08:10:00,1.02812,1.02856,1.02781,1.02841,1126.29
03.01.2025 08:20:00,1.02842,1.02879,1.02808,1.02809,1317.46
03.01.2025 08:30:00,1.02808,1.02809,1.02741,1.02753,1489.2
03.01.2025 08:40:00,1.02753,1.02809,1.02729,1.02794,1689.8
03.01.2025 08:50:00,1.02795,1.02859,1.02794,1.02803,1284.99
03.01.2025 09:00:00,1.02803,1.02875,1.02802,1.02873,1747.7
